date,code,action,reason,shares,price,cost,pnl,pnl_pct
2024-01-02,513290,BUY,rotation_in,87900,1.1371,10.0,0.0,0.0
2024-01-09,513290,SELL,rotation_out,87900,1.1879,10.44,4442.03,4.45
2024-01-09,513000,BUY,rotation_in,79300,1.3161,10.44,0.0,0.0
2024-01-10,513000,SELL,rotation_out,79300,1.3579,10.77,3288.19,3.16
2024-01-10,513290,BUY,rotation_in,91100,1.1821,10.77,0.0,0.0
2024-01-17,513290,SELL,rotation_out,91100,1.1529,10.5,-2684.44,-2.48
2024-01-17,511220,BUY,rotation_in,10800,9.641,10.41,0.0,0.0
2024-01-18,511220,SELL,rotation_out,10800,9.64,10.41,-30.85,-0.02
2024-01-18,513290,BUY,rotation_in,90500,1.1591,10.49,0.0,0.0
2024-01-19,513290,SELL,rotation_out,90500,1.1529,10.43,-584.85,-0.55
2024-01-19,513000,BUY,rotation_in,75700,1.3791,10.44,0.0,0.0
2024-01-23,513000,SELL,profit_protection,75700,1.4599,11.05,6088.72,5.84
2024-01-23,513100,BUY,rotation_in,86900,1.2711,11.05,0.0,0.0
2024-01-30,513100,SELL,rotation_out,86900,1.2919,11.23,1780.36,1.62
2024-01-30,513000,BUY,rotation_in,79700,1.4071,11.21,0.0,0.0
2024-01-31,513000,SELL,rotation_out,79700,1.3759,10.97,-2515.06,-2.23
2024-01-31,513100,BUY,rotation_in,86800,1.2641,10.97,0.0,0.0
2024-02-19,513100,SELL,rotation_out,86800,1.3009,11.29,3167.07,2.9
2024-02-19,513500,BUY,rotation_in,65000,1.7372,11.29,0.0,0.0
2024-03-05,513500,SELL,rotation_out,65000,1.7888,11.63,3334.16,2.96
2024-03-05,513310,BUY,rotation_in,94000,1.2361,11.62,0.0,0.0
2024-03-19,513310,SELL,rotation_out,94000,1.2259,11.52,-986.29,-0.84
2024-03-19,159985,BUY,rotation_in,53100,2.1682,11.51,0.0,0.0
2024-03-25,159985,SELL,profit_protection,53100,2.1338,11.33,-1851.09,-1.6
2024-03-25,159985,BUY,rotation_in,53100,2.1342,11.33,0.0,0.0
2024-03-28,159985,SELL,rotation_out,53100,2.1098,11.2,-1319.47,-1.15
2024-03-28,161226,BUY,rotation_in,139000,0.8061,11.2,0.0,0.0
2024-04-02,161226,SELL,rotation_out,139000,0.8249,11.47,2595.66,2.33
2024-04-02,518880,BUY,rotation_in,22200,5.1595,11.45,0.0,0.0
2024-04-08,518880,SELL,rotation_out,22200,5.3535,11.88,4282.32,3.75
2024-04-08,501018,BUY,rotation_in,89400,1.3301,11.89,0.0,0.0
2024-04-09,501018,SELL,rotation_out,89400,1.3419,12.0,1025.02,0.87
2024-04-09,161226,BUY,rotation_in,134500,0.8921,12.0,0.0,0.0
2024-04-23,161226,SELL,profit_protection,134500,0.8629,11.61,-3947.71,-3.28
2024-04-23,159980,BUY,rotation_in,68700,1.6892,11.6,0.0,0.0
2024-05-08,159980,SELL,rotation_out,68700,1.7308,11.89,2838.41,2.46
2024-05-08,513050,BUY,rotation_in,113000,1.0521,11.89,0.0,0.0
2024-05-14,513050,SELL,rotation_out,113000,1.1139,12.59,6957.05,5.86
2024-05-14,513160,BUY,rotation_in,163400,0.7701,12.58,0.0,0.0
2024-05-21,513160,SELL,rotation_out,163400,0.7569,12.37,-2174.1,-1.72
2024-05-21,513050,BUY,rotation_in,110600,1.1181,12.37,0.0,0.0
2024-05-23,513050,SELL,rotation_out,110600,1.0959,12.12,-2482.17,-2.0
2024-05-23,513690,BUY,rotation_in,142500,0.8501,12.11,0.0,0.0
2024-05-29,513690,SELL,rotation_out,142500,0.8529,12.15,378.96,0.32
2024-05-29,161226,BUY,rotation_in,117000,1.0391,12.16,0.0,0.0
2024-05-30,161226,SELL,rotation_out,117000,1.0039,11.75,-4142.81,-3.4
2024-05-30,513100,BUY,rotation_in,86400,1.3591,11.74,0.0,0.0
2024-05-31,513100,SELL,rotation_out,86400,1.3529,11.69,-565.26,-0.47
2024-05-31,159981,BUY,rotation_in,69300,1.6862,11.69,0.0,0.0
2024-06-03,159981,SELL,rotation_out,69300,1.6538,11.46,-2263.89,-1.93
2024-06-03,513100,BUY,rotation_in,84300,1.3591,11.46,0.0,0.0
2024-06-04,513100,SELL,rotation_out,84300,1.3549,11.42,-382.96,-0.32
2024-06-04,513500,BUY,rotation_in,62100,1.8382,11.42,0.0,0.0
2024-06-06,513500,SELL,rotation_out,62100,1.8728,11.63,2127.41,1.87
2024-06-06,161226,BUY,rotation_in,118700,0.9801,11.63,0.0,0.0
2024-06-11,161226,SELL,profit_protection,118700,0.9379,11.13,-5030.93,-4.31
2024-06-11,513100,BUY,rotation_in,79800,1.3951,11.13,0.0,0.0
2024-06-17,513100,SELL,rotation_out,79800,1.4409,11.5,3625.54,3.27
2024-06-17,513310,BUY,rotation_in,83900,1.3701,11.5,0.0,0.0
2024-06-25,513310,SELL,profit_protection,83900,1.3199,11.07,-4240.14,-3.68
2024-06-25,513100,BUY,rotation_in,77400,1.4291,11.06,0.0,0.0
2024-06-26,513100,SELL,rotation_out,77400,1.4559,11.27,2045.14,1.86
2024-06-26,513310,BUY,rotation_in,83500,1.3501,11.27,0.0,0.0
2024-06-27,513310,SELL,rotation_out,83500,1.3379,11.17,-1046.89,-0.92
2024-06-27,513100,BUY,rotation_in,76700,1.4551,11.16,0.0,0.0
2024-07-12,513100,SELL,profit_protection,76700,1.4919,11.44,2792.69,2.51
2024-07-12,513000,BUY,rotation_in,78400,1.4601,11.45,0.0,0.0
2024-07-19,513000,SELL,rotation_out,78400,1.4389,11.28,-1691.86,-1.47
2024-07-19,513290,BUY,rotation_in,88000,1.2811,11.27,0.0,0.0
2024-07-30,513290,SELL,rotation_out,88000,1.2969,11.41,1362.63,1.22
2024-07-30,511220,BUY,rotation_in,11400,9.937,11.33,0.0,0.0
2024-08-01,511220,SELL,rotation_out,11400,9.936,11.33,-33.91,-0.02
2024-08-01,511010,BUY,defensive,800,135.2245,10.82,0.0,0.0
2024-08-21,511010,SELL,rotation_out,800,134.7775,10.78,-379.2,-0.34
2024-08-21,513730,BUY,rotation_in,95000,1.1971,11.37,0.0,0.0
2024-08-30,513730,SELL,rotation_out,95000,1.1889,11.29,-805.33,-0.7
2024-08-30,513000,BUY,rotation_in,77500,1.4561,11.29,0.0,0.0
2024-09-04,513000,SELL,rotation_out,77500,1.3939,10.8,-4849.18,-4.29
2024-09-04,511010,BUY,defensive,700,135.6746,9.5,0.0,0.0
2024-09-06,511010,SELL,rotation_out,700,135.7784,9.5,53.7,0.07
2024-09-06,518880,BUY,rotation_in,19600,5.5176,10.81,0.0,0.0
2024-09-09,518880,SELL,rotation_out,19600,5.4765,10.73,-827.1,-0.75
2024-09-09,511010,BUY,defensive,700,135.8786,9.51,0.0,0.0
2024-09-11,511010,SELL,rotation_out,700,136.1764,9.53,189.41,0.21
2024-09-11,159529,BUY,rotation_in,95500,1.1251,10.74,0.0,0.0
2024-09-18,159529,SELL,rotation_out,95500,1.1409,10.9,1484.72,1.39
2024-09-18,159985,BUY,rotation_in,54700,1.9912,10.89,0.0,0.0
2024-09-19,159985,SELL,rotation_out,54700,1.9468,10.65,-2449.88,-2.24
2024-09-19,159529,BUY,rotation_in,93200,1.1431,10.65,0.0,0.0
2024-09-25,159529,SELL,rotation_out,93200,1.1459,10.68,236.93,0.23
2024-09-25,513130,BUY,rotation_in,206100,0.5181,10.68,0.0,0.0
2024-09-30,513130,SELL,rotation_out,206100,0.6379,13.15,24684.35,23.13
2024-09-30,518880,BUY,rotation_in,23000,5.7076,13.13,0.0,0.0
2024-10-10,518880,SELL,rotation_out,23000,5.6754,13.05,-765.36,-0.57
2024-10-10,159980,BUY,rotation_in,76800,1.7012,13.06,0.0,0.0
2024-10-14,159980,SELL,rotation_out,76800,1.7148,13.17,1022.73,0.79
2024-10-14,159920,BUY,rotation_in,103200,1.2761,13.17,0.0,0.0
2024-10-15,159920,SELL,rotation_out,103200,1.2329,12.72,-4489.39,-3.4
2024-10-15,513690,BUY,rotation_in,146200,0.8701,12.72,0.0,0.0
2024-10-16,513690,SELL,rotation_out,146200,0.8769,12.82,972.32,0.77
2024-10-16,513310,BUY,rotation_in,94300,1.3591,12.82,0.0,0.0
2024-10-18,513310,SELL,rotation_out,94300,1.4659,13.82,10036.82,7.84
2024-10-18,513130,BUY,rotation_in,225800,0.6121,13.82,0.0,0.0
2024-10-21,513130,SELL,rotation_out,225800,0.6019,13.59,-2312.82,-1.66
2024-10-21,520660,BUY,rotation_in,156600,0.8681,13.59,0.0,0.0
2024-10-22,520660,SELL,rotation_out,156600,0.8709,13.64,415.33,0.32
2024-10-22,161226,BUY,rotation_in,137300,0.9931,13.64,0.0,0.0
2024-10-23,161226,SELL,rotation_out,137300,0.9909,13.61,-329.08,-0.23
2024-10-23,513160,BUY,rotation_in,150100,0.9061,13.6,0.0,0.0
2024-10-24,513160,SELL,rotation_out,150100,0.8869,13.31,-2905.73,-2.13
2024-10-24,513310,BUY,rotation_in,92300,1.4411,13.3,0.0,0.0
2024-11-01,513310,SELL,profit_protection,92300,1.3989,12.91,-3929.03,-2.94
2024-11-01,518880,BUY,rotation_in,21300,6.0516,12.89,0.0,0.0
2024-11-04,518880,SELL,rotation_out,21300,6.0054,12.79,-1009.86,-0.77
2024-11-04,511380,BUY,rotation_in,11400,11.1861,12.75,0.0,0.0
2024-11-05,511380,SELL,rotation_out,11400,11.2859,12.87,1111.56,0.88
2024-11-05,513310,BUY,rotation_in,87800,1.4721,12.93,0.0,0.0
2024-11-12,513310,SELL,rotation_out,87800,1.5088,13.25,3196.25,2.48
2024-11-12,513730,BUY,rotation_in,99400,1.3321,13.24,0.0,0.0
2024-11-13,513730,SELL,rotation_out,99400,1.3449,13.37,1238.98,0.95
2024-11-13,159529,BUY,rotation_in,108700,1.2301,13.37,0.0,0.0
2024-11-25,159529,SELL,rotation_out,108700,1.3009,14.14,7662.68,5.74
2024-11-25,513730,BUY,rotation_in,103200,1.3691,14.13,0.0,0.0
2024-11-28,513730,SELL,rotation_out,103200,1.4419,14.88,7475.58,5.3
2024-11-28,513500,BUY,rotation_in,68300,2.1782,14.88,0.0,0.0
2024-11-29,513500,SELL,rotation_out,68300,2.1818,14.9,213.64,0.15
2024-11-29,159529,BUY,rotation_in,100700,1.4801,14.91,0.0,0.0
2024-12-02,159529,SELL,profit_protection,100700,1.3999,14.1,-8114.0,-5.43
2024-12-02,513400,BUY,rotation_in,117600,1.1981,14.09,0.0,0.0
2024-12-05,513400,SELL,rotation_out,117600,1.2189,14.33,2412.75,1.72
2024-12-05,159529,BUY,rotation_in,100600,1.4241,14.33,0.0,0.0
2024-12-11,159529,SELL,rotation_out,100600,1.3909,13.99,-3376.44,-2.35
2024-12-11,513500,BUY,rotation_in,62800,2.2272,13.99,0.0,0.0
2024-12-16,513500,SELL,rotation_out,62800,2.2738,14.28,2895.07,2.08
2024-12-16,159529,BUY,rotation_in,101700,1.4041,14.28,0.0,0.0
2024-12-17,159529,SELL,rotation_out,101700,1.4849,15.1,8178.94,5.74
2024-12-17,513100,BUY,rotation_in,90800,1.6632,15.1,0.0,0.0
2024-12-20,513100,SELL,profit_protection,90800,1.5968,14.5,-6052.0,-4.0
2024-12-20,513100,BUY,rotation_in,90800,1.5972,14.5,0.0,0.0
2024-12-25,513100,SELL,rotation_out,90800,1.6668,15.13,6296.73,4.35
2024-12-25,159529,BUY,rotation_in,92800,1.6292,15.12,0.0,0.0
2024-12-27,159529,SELL,profit_protection,92800,1.5858,14.72,-4050.07,-2.67
2024-12-27,520660,BUY,rotation_in,165400,0.8901,14.72,0.0,0.0
2025-01-02,520660,SELL,rotation_out,165400,0.8759,14.49,-2374.02,-1.6
2025-01-02,501018,BUY,rotation_in,115600,1.2531,14.49,0.0,0.0
2025-01-03,501018,SELL,rotation_out,115600,1.2709,14.69,2022.45,1.41
2025-01-03,520660,BUY,rotation_in,166300,0.8831,14.69,0.0,0.0
2025-01-07,520660,SELL,rotation_out,166300,0.8739,14.53,-1555.14,-1.05
2025-01-07,501018,BUY,rotation_in,114400,1.2701,14.53,0.0,0.0
2025-01-13,501018,SELL,rotation_out,114400,1.3489,15.43,8977.68,6.19
2025-01-13,513310,BUY,rotation_in,105100,1.4681,15.43,0.0,0.0
2025-01-14,513310,SELL,rotation_out,105100,1.4949,15.71,2775.42,1.81
2025-01-14,501018,BUY,rotation_in,117700,1.3341,15.7,0.0,0.0
2025-01-20,501018,SELL,rotation_out,117700,1.3339,15.7,-62.8,-0.03
2025-01-20,159529,BUY,rotation_in,86200,1.8212,15.7,0.0,0.0
2025-02-05,159529,SELL,profit_protection,86200,1.6908,14.57,-11266.55,-7.17
2025-02-05,159985,BUY,rotation_in,73300,1.9882,14.57,0.0,0.0
2025-02-07,159985,SELL,rotation_out,73300,1.9698,14.44,-1377.42,-0.94
2025-02-07,513030,BUY,rotation_in,86600,1.6672,14.44,0.0,0.0
2025-02-10,513030,SELL,rotation_out,86600,1.6128,13.97,-4733.21,-3.27
2025-02-10,513160,BUY,rotation_in,125400,1.1131,13.96,0.0,0.0
2025-02-24,513160,SELL,profit_protection,125400,1.2729,15.96,20004.16,14.34
2025-02-24,513050,BUY,rotation_in,105500,1.5132,15.96,0.0,0.0
2025-02-25,513050,SELL,profit_protection,105500,1.4449,15.24,-7236.41,-4.52
2025-02-25,513160,BUY,rotation_in,123400,1.2351,15.24,0.0,0.0
2025-02-28,513160,SELL,profit_protection,123400,1.1789,14.55,-6969.98,-4.56
2025-02-28,513690,BUY,rotation_in,161800,0.8991,14.55,0.0,0.0
2025-03-05,513690,SELL,rotation_out,161800,0.9159,14.82,2691.87,1.86
2025-03-05,513050,BUY,rotation_in,99900,1.4831,14.82,0.0,0.0
2025-03-10,513050,SELL,profit_protection,99900,1.5248,15.23,4135.7,2.8
2025-03-10,513050,BUY,rotation_in,99800,1.5252,15.22,0.0,0.0
2025-03-12,513050,SELL,rotation_out,99800,1.4929,14.9,-3253.84,-2.13
2025-03-12,513690,BUY,rotation_in,159700,0.9331,14.9,0.0,0.0
2025-03-14,513690,SELL,rotation_out,159700,0.9429,15.06,1537.08,1.04
2025-03-14,513130,BUY,rotation_in,190300,0.7911,15.05,0.0,0.0
2025-03-17,513130,SELL,rotation_out,190300,0.7909,15.05,-60.21,-0.03
2025-03-17,513690,BUY,rotation_in,158200,0.9511,15.05,0.0,0.0
2025-03-25,513690,SELL,rotation_out,158200,0.9309,14.73,-3223.55,-2.13
2025-03-25,159980,BUY,rotation_in,84000,1.7532,14.73,0.0,0.0
2025-03-26,159980,SELL,rotation_out,84000,1.7568,14.76,277.03,0.2
2025-03-26,513030,BUY,rotation_in,82200,1.7952,14.76,0.0,0.0
2025-03-28,513030,SELL,rotation_out,82200,1.7498,14.38,-3757.28,-2.54
2025-03-28,518880,BUY,rotation_in,20700,6.9387,14.36,0.0,0.0
2025-03-31,518880,SELL,rotation_out,20700,7.0113,14.51,1474.05,1.04
2025-03-31,161226,BUY,rotation_in,146000,0.9951,14.53,0.0,0.0
2025-04-02,161226,SELL,rotation_out,146000,0.9819,14.34,-1955.73,-1.34
2025-04-02,518880,BUY,rotation_in,20300,7.0297,14.27,0.0,0.0
2025-04-07,518880,SELL,rotation_out,20300,6.8763,13.96,-3142.06,-2.19
2025-04-07,511220,BUY,rotation_in,13800,10.11,13.95,0.0,0.0
2025-04-10,511220,SELL,rotation_out,13800,10.088,13.92,-331.75,-0.23
2025-04-10,518880,BUY,rotation_in,19500,7.1647,13.97,0.0,0.0
2025-04-22,518880,SELL,rotation_out,19500,7.9812,15.56,15891.93,11.38
2025-04-22,511010,BUY,defensive,1100,138.4878,15.23,0.0,0.0
2025-04-25,511010,SELL,rotation_out,1100,138.3392,15.22,-194.0,-0.12
2025-04-25,513030,BUY,rotation_in,88100,1.7652,15.55,0.0,0.0
2025-04-28,513030,SELL,rotation_out,88100,1.7678,15.57,202.05,0.14
2025-04-28,518880,BUY,rotation_in,20800,7.4657,15.53,0.0,0.0
2025-04-30,518880,SELL,rotation_out,20800,7.4703,15.54,62.67,0.05
2025-04-30,513000,BUY,rotation_in,109400,1.4231,15.57,0.0,0.0
2025-05-06,513000,SELL,rotation_out,109400,1.4429,15.78,2125.29,1.38
2025-05-06,518880,BUY,rotation_in,20700,7.6128,15.76,0.0,0.0
2025-05-08,518880,SELL,rotation_out,20700,7.5562,15.64,-1201.3,-0.75
2025-05-08,513030,BUY,rotation_in,84800,1.8482,15.67,0.0,0.0
2025-05-09,513030,SELL,rotation_out,84800,1.8678,15.84,1632.98,1.05
2025-05-09,513730,BUY,rotation_in,131500,1.2041,15.83,0.0,0.0
2025-05-12,513730,SELL,rotation_out,131500,1.2169,16.0,1645.83,1.05
2025-05-12,513030,BUY,rotation_in,84200,1.9002,16.0,0.0,0.0
2025-05-14,513030,SELL,rotation_out,84200,1.8538,15.61,-3936.42,-2.45
2025-05-14,513730,BUY,rotation_in,126100,1.2371,15.6,0.0,0.0
2025-05-15,513730,SELL,rotation_out,126100,1.2439,15.69,820.13,0.54
2025-05-15,513030,BUY,rotation_in,86400,1.8162,15.69,0.0,0.0
2025-05-16,513030,SELL,rotation_out,86400,1.8588,16.06,3651.7,2.34
2025-05-16,513730,BUY,rotation_in,129200,1.2421,16.05,0.0,0.0
2025-05-23,513730,SELL,rotation_out,129200,1.2169,15.72,-3293.54,-2.04
2025-05-23,513100,BUY,rotation_in,102500,1.5342,15.73,0.0,0.0
2025-05-27,513100,SELL,rotation_out,102500,1.5498,15.89,1576.78,1.01
2025-05-27,159529,BUY,rotation_in,99700,1.5932,15.88,0.0,0.0
2025-05-28,159529,SELL,rotation_out,99700,1.6018,15.97,833.59,0.53
2025-05-28,513100,BUY,rotation_in,101800,1.5682,15.96,0.0,0.0
2025-05-29,513100,SELL,rotation_out,101800,1.5888,16.17,2073.52,1.31
2025-05-29,159529,BUY,rotation_in,100800,1.6042,16.17,0.0,0.0
2025-05-30,159529,SELL,rotation_out,100800,1.5698,15.82,-3491.19,-2.15
2025-05-30,520660,BUY,rotation_in,173300,0.9131,15.82,0.0,0.0
2025-06-03,520660,SELL,rotation_out,173300,0.9109,15.79,-409.82,-0.25
2025-06-03,513690,BUY,rotation_in,161800,0.9751,15.78,0.0,0.0
2025-06-04,513690,SELL,rotation_out,161800,0.9779,15.82,422.2,0.28
2025-06-04,520660,BUY,rotation_in,173300,0.9131,15.82,0.0,0.0
2025-06-11,520660,SELL,rotation_out,173300,0.9429,16.34,5134.67,3.25
2025-06-11,161226,BUY,rotation_in,156500,1.0441,16.34,0.0,0.0
2025-06-20,161226,SELL,profit_protection,156500,1.0039,15.71,-6324.1,-3.86
2025-06-20,513310,BUY,rotation_in,98200,1.5982,15.69,0.0,0.0
2025-06-23,513310,SELL,rotation_out,98200,1.5868,15.58,-1142.75,-0.72
2025-06-23,159981,BUY,rotation_in,111600,1.3971,15.59,0.0,0.0
2025-06-24,159981,SELL,profit_protection,111600,1.3349,14.9,-6980.18,-4.47
2025-06-24,513310,BUY,rotation_in,90600,1.6442,14.9,0.0,0.0
2025-07-08,513310,SELL,rotation_out,90600,1.6448,14.9,31.0,0.03
2025-07-08,513500,BUY,rotation_in,70200,2.1212,14.89,0.0,0.0
2025-07-16,513500,SELL,rotation_out,70200,2.1148,14.85,-480.67,-0.31
2025-07-16,159201,BUY,rotation_in,143200,1.0371,14.85,0.0,0.0
2025-07-18,159201,SELL,rotation_out,143200,1.0439,14.95,942.8,0.64
2025-07-18,513160,BUY,rotation_in,126000,1.1861,14.95,0.0,0.0
2025-08-08,513160,SELL,rotation_out,126000,1.2199,15.37,4223.37,2.84
2025-08-08,513730,BUY,rotation_in,122500,1.2541,15.36,0.0,0.0
2025-08-11,513730,SELL,rotation_out,122500,1.2639,15.48,1163.31,0.77
2025-08-11,513160,BUY,rotation_in,126600,1.2231,15.48,0.0,0.0
2025-08-15,513160,SELL,rotation_out,126600,1.2509,15.84,3482.16,2.26
2025-08-15,513000,BUY,rotation_in,96700,1.6362,15.82,0.0,0.0
2025-08-25,513000,SELL,rotation_out,96700,1.6038,15.51,-3157.06,-1.99
2025-08-25,513730,BUY,rotation_in,113700,1.3641,15.51,0.0,0.0
2025-08-26,513730,SELL,rotation_out,113700,1.3519,15.37,-1426.16,-0.91
2025-08-26,513310,BUY,rotation_in,81200,1.8932,15.37,0.0,0.0
2025-08-27,513310,SELL,rotation_out,81200,1.8928,15.37,-61.48,-0.03
2025-08-27,513730,BUY,rotation_in,113400,1.3541,15.36,0.0,0.0
2025-08-29,513730,SELL,rotation_out,113400,1.3319,15.1,-2555.72,-1.65
2025-08-29,513310,BUY,rotation_in,77300,1.9532,15.1,0.0,0.0
2025-09-04,513310,SELL,profit_protection,77300,1.8258,14.11,-9875.52,-6.53
2025-09-04,513730,BUY,rotation_in,105800,1.3341,14.12,0.0,0.0
2025-09-05,513730,SELL,rotation_out,105800,1.3529,14.31,1953.34,1.39
2025-09-05,161226,BUY,rotation_in,127000,1.1271,14.31,0.0,0.0
2025-09-10,161226,SELL,rotation_out,127000,1.1309,14.36,450.65,0.32
2025-09-10,513310,BUY,rotation_in,74100,1.9372,14.35,0.0,0.0
2025-09-11,513310,SELL,rotation_out,74100,2.0178,14.95,5943.49,4.15
2025-09-11,513050,BUY,rotation_in,92600,1.6152,14.96,0.0,0.0
2025-09-12,513050,SELL,rotation_out,92600,1.6418,15.2,2439.88,1.64
2025-09-12,513310,BUY,rotation_in,73400,2.0692,15.19,0.0,0.0
2025-09-15,513310,SELL,profit_protection,73400,2.0918,15.35,1627.12,1.08
2025-09-15,513310,BUY,rotation_in,73400,2.0922,15.36,0.0,0.0
2025-10-10,513310,SELL,profit_protection,73400,2.3798,17.47,21073.55,13.73
2025-10-10,161226,BUY,rotation_in,135800,1.2861,17.47,0.0,0.0
2025-10-14,161226,SELL,profit_protection,135800,1.3559,18.41,9434.24,5.41
2025-10-14,513100,BUY,rotation_in,101700,1.8102,18.41,0.0,0.0
2025-10-15,513100,SELL,rotation_out,101700,1.8248,18.56,1451.56,0.8
2025-10-15,161226,BUY,rotation_in,132300,1.4021,18.55,0.0,0.0
2025-10-20,161226,SELL,profit_protection,132300,1.3669,18.08,-4703.77,-2.53
2025-10-20,513310,BUY,rotation_in,75800,2.3852,18.08,0.0,0.0
2025-10-23,513310,SELL,rotation_out,75800,2.3858,18.08,3.47,0.01
2025-10-23,513000,BUY,rotation_in,99700,1.8132,18.08,0.0,0.0
2025-10-24,513000,SELL,rotation_out,99700,1.8458,18.4,3217.14,1.79
2025-10-24,513310,BUY,rotation_in,73900,2.4902,18.4,0.0,0.0
2025-10-27,513310,SELL,rotation_out,73900,2.6037,19.24,8349.31,4.55
2025-10-27,518880,BUY,rotation_in,21500,8.9149,19.17,0.0,0.0
2025-10-28,518880,SELL,rotation_out,21500,8.5961,18.48,-6890.8,-3.59
2025-10-28,513310,BUY,rotation_in,71100,2.6103,18.56,0.0,0.0
2025-11-04,513310,SELL,profit_protection,71100,2.6837,19.08,5186.12,2.8
2025-11-04,513100,BUY,rotation_in,98300,1.9402,19.07,0.0,0.0
2025-11-07,513100,SELL,rotation_out,98300,1.9238,18.91,-1648.77,-0.85
2025-11-07,513000,BUY,rotation_in,99200,1.9062,18.91,0.0,0.0
2025-11-10,513000,SELL,rotation_out,99200,1.9598,19.44,5280.1,2.8
2025-11-10,513310,BUY,rotation_in,72100,2.6953,19.43,0.0,0.0
2025-11-12,513310,SELL,rotation_out,72100,2.6897,19.39,-438.15,-0.22
2025-11-12,513290,BUY,rotation_in,131200,1.4781,19.39,0.0,0.0
2025-11-19,513290,SELL,profit_protection,131200,1.4699,19.28,-1126.96,-0.57
2025-11-19,520660,BUY,rotation_in,180200,1.0701,19.28,0.0,0.0
2025-11-20,520660,SELL,rotation_out,180200,1.0629,19.15,-1338.27,-0.68
2025-11-20,513290,BUY,rotation_in,128600,1.4881,19.14,0.0,0.0
2025-12-01,513290,SELL,rotation_out,128600,1.5918,20.47,13295.18,6.96
2025-12-01,161226,BUY,rotation_in,126600,1.6172,20.47,0.0,0.0
2025-12-17,161226,SELL,rotation_out,126600,2.2288,28.22,77381.82,37.81
2025-12-17,159980,BUY,rotation_in,148800,1.8962,28.22,0.0,0.0
2025-12-29,159980,SELL,profit_protection,148800,1.9958,29.7,14764.17,5.24
2025-12-29,518880,BUY,rotation_in,31000,9.564,29.65,0.0,0.0
2025-12-30,518880,SELL,rotation_out,31000,9.3621,29.02,-6317.34,-2.12
2025-12-30,159980,BUY,rotation_in,145800,1.9932,29.06,0.0,0.0
2026-01-07,159980,SELL,rotation_out,145800,2.1258,30.99,19271.29,6.64
2026-01-07,513310,BUY,rotation_in,99100,3.1263,30.98,0.0,0.0
2026-01-08,513310,SELL,profit_protection,99100,3.0107,29.84,-11518.14,-3.71
2026-01-08,159980,BUY,rotation_in,143900,2.0732,29.83,0.0,0.0
2026-01-13,159980,SELL,rotation_out,143900,2.1188,30.49,6498.75,2.19
2026-01-13,161226,BUY,rotation_in,110900,2.7483,30.48,0.0,0.0
2026-01-16,161226,SELL,rotation_out,110900,3.0937,34.31,38241.82,12.56
2026-01-16,513310,BUY,rotation_in,108600,3.1593,34.31,0.0,0.0
2026-01-20,513310,SELL,rotation_out,108600,3.0877,33.53,-7846.28,-2.28
2026-01-20,161226,BUY,rotation_in,93300,3.5904,33.5,0.0,0.0
2026-01-23,161226,SELL,profit_protection,93300,3.8746,36.15,26451.2,7.91
2026-01-23,161226,BUY,rotation_in,93300,3.8754,36.16,0.0,0.0
2026-01-26,161226,SELL,rotation_out,93300,4.1826,39.02,28586.04,7.92
2026-01-26,513310,BUY,rotation_in,121200,3.2183,39.01,0.0,0.0
2026-01-27,513310,SELL,rotation_out,121200,3.3627,40.76,17414.48,4.47
2026-01-27,159100,BUY,rotation_in,362700,1.1241,40.77,0.0,0.0
2026-01-28,159100,SELL,rotation_out,362700,1.1889,43.12,23407.72,5.75
2026-01-28,513310,BUY,rotation_in,119300,3.6134,43.11,0.0,0.0
2026-01-29,513310,SELL,profit_protection,119300,3.6516,43.56,4479.36,1.05
2026-01-29,513310,BUY,rotation_in,119200,3.6524,43.54,0.0,0.0
2026-02-03,513310,SELL,profit_protection,119200,3.6546,43.56,183.4,0.05
2026-02-03,513690,BUY,rotation_in,383200,1.1371,43.57,0.0,0.0
2026-02-09,513690,SELL,rotation_out,383200,1.1659,44.68,10936.3,2.52
2026-02-09,501018,BUY,rotation_in,339900,1.3141,44.67,0.0,0.0
2026-02-10,501018,SELL,rotation_out,339900,1.3949,47.41,27347.74,6.13
2026-02-10,159100,BUY,rotation_in,387900,1.2221,47.41,0.0,0.0
2026-02-12,159100,SELL,rotation_out,387900,1.2939,50.19,27733.61,5.86
2026-02-12,513690,BUY,rotation_in,426600,1.1761,50.17,0.0,0.0
2026-02-24,513690,SELL,rotation_out,426600,1.1809,50.38,1931.9,0.4
2026-02-24,159100,BUY,rotation_in,382400,1.3171,50.37,0.0,0.0
2026-02-27,159100,SELL,profit_protection,382400,1.3029,49.82,-5553.98,-1.09
2026-02-27,513310,BUY,rotation_in,117000,4.2564,49.8,0.0,0.0
2026-03-02,513310,SELL,profit_protection,117000,4.1026,48.0,-18096.6,-3.62
2026-03-02,513000,BUY,rotation_in,232500,2.0642,47.99,0.0,0.0
2026-03-03,513000,SELL,profit_protection,232500,1.9868,46.19,-18090.87,-3.76
2026-03-03,513690,BUY,rotation_in,387800,1.1911,46.19,0.0,0.0
2026-03-04,513690,SELL,rotation_out,387800,1.1669,45.25,-9490.09,-2.04
2026-03-04,520660,BUY,rotation_in,415000,1.0901,45.24,0.0,0.0
2026-03-06,520660,SELL,rotation_out,415000,1.1049,45.85,6042.82,1.35
2026-03-06,513310,BUY,rotation_in,110900,4.1324,45.83,0.0,0.0
2026-03-09,513310,SELL,rotation_out,110900,3.9946,44.3,-15373.56,-3.34
2026-03-09,159981,BUY,rotation_in,278300,1.5922,44.31,0.0,0.0
2026-03-10,159981,SELL,profit_protection,278300,1.4769,41.1,-32175.32,-7.25
2026-03-10,159985,BUY,rotation_in,188500,2.1792,41.08,0.0,0.0
2026-03-13,159985,SELL,rotation_out,188500,2.3208,43.75,26597.35,6.48
2026-03-13,501018,BUY,rotation_in,244300,1.7912,43.76,0.0,0.0
2026-03-16,501018,SELL,rotation_out,244300,1.9298,47.15,33775.89,7.73
2026-03-16,159981,BUY,rotation_in,285300,1.6522,47.14,0.0,0.0
2026-03-24,159981,SELL,profit_protection,285300,1.7198,49.07,19207.99,4.08
2026-03-24,159985,BUY,rotation_in,218700,2.2422,49.04,0.0,0.0
2026-03-25,159985,SELL,profit_protection,218700,2.1588,47.21,-18344.6,-3.73
2026-03-25,511220,BUY,rotation_in,45800,10.302,47.18,0.0,0.0
2026-03-30,511220,SELL,rotation_out,45800,10.311,47.22,314.98,0.08
2026-03-30,159981,BUY,rotation_in,266300,1.7742,47.25,0.0,0.0
2026-03-31,159981,SELL,profit_protection,266300,1.7198,45.8,-14566.29,-3.07
2026-03-31,511220,BUY,rotation_in,44400,10.313,45.79,0.0,0.0
2026-04-07,511220,SELL,rotation_out,44400,10.325,45.84,438.33,0.11
2026-04-07,159981,BUY,rotation_in,256600,1.7862,45.83,0.0,0.0
2026-04-08,159981,SELL,profit_protection,256600,1.6398,42.08,-37639.42,-8.2
2026-04-08,511220,BUY,rotation_in,40700,10.324,42.02,0.0,0.0
2026-04-13,511220,SELL,rotation_out,40700,10.327,42.03,35.4,0.02
2026-04-13,159100,BUY,rotation_in,320400,1.3131,42.07,0.0,0.0
2026-04-23,159100,SELL,profit_protection,320400,1.2739,40.81,-12661.38,-3.0
2026-04-23,159100,BUY,rotation_in,320300,1.2741,40.81,0.0,0.0
2026-04-24,159100,SELL,rotation_out,320300,1.2619,40.42,-4006.06,-0.97
2026-04-24,513000,BUY,rotation_in,199900,2.0212,40.4,0.0,0.0
2026-04-27,513000,SELL,rotation_out,199900,2.0618,41.22,8032.66,2.0
2026-04-27,513100,BUY,rotation_in,211800,1.9452,41.2,0.0,0.0
2026-05-07,513100,SELL,rotation_out,211800,2.0538,43.5,22916.8,5.57
2026-05-07,513310,BUY,rotation_in,86000,5.0575,43.49,0.0,0.0
2026-05-11,513310,SELL,rotation_out,86000,5.6334,48.45,49438.12,11.38
2026-05-11,513100,BUY,rotation_in,229800,2.1082,48.45,0.0,0.0
2026-06-02,513100,SELL,rotation_out,229800,2.3428,53.84,53798.43,11.11
2026-06-02,513310,BUY,rotation_in,90500,5.9426,53.78,0.0,0.0
2026-06-05,513310,SELL,profit_protection,90500,5.6154,50.82,-29712.2,-5.51
2026-06-05,513100,BUY,rotation_in,230600,2.2052,50.85,0.0,0.0
2026-06-08,513100,SELL,profit_protection,230600,2.1138,48.74,-21183.79,-4.16
2026-06-08,511220,BUY,rotation_in,46800,10.398,48.66,0.0,0.0
2026-06-09,511220,SELL,rotation_out,46800,10.377,48.56,-1083.65,-0.21
2026-06-09,513500,BUY,rotation_in,190500,2.5523,48.62,0.0,0.0
2026-06-10,513500,SELL,rotation_out,190500,2.5147,47.91,-7241.55,-1.48
2026-06-10,511010,BUY,defensive,3300,141.2921,46.63,0.0,0.0
